<?xml version="1.0" encoding="UTF-8"?>
<!--
Created with Funkin Packer v0.1.3 https://neeeoo.github.io/funkin-packer/
-->
<TextureAtlas imagePath="noteskin.png" width="3262" height="128">
	<SubTexture name="arrowDOWN" x="798" y="10" width="106" height="106" frameX="-0" frameY="-0" frameWidth="106" frameHeight="106"/>
	<SubTexture name="arrowLEFT" x="954" y="10" width="106" height="106" frameX="-0" frameY="-0" frameWidth="106" frameHeight="106"/>
	<SubTexture name="arrowRIGHT" x="1110" y="10" width="106" height="106" frameX="-0" frameY="-0" frameWidth="106" frameHeight="106"/>
	<SubTexture name="arrowUP" x="1266" y="10" width="106" height="106" frameX="-0" frameY="-0" frameWidth="106" frameHeight="106"/>
	<SubTexture name="downConfirm1" x="2670" y="10" width="108" height="108" frameX="-0" frameY="-0" frameWidth="108" frameHeight="108"/>
	<SubTexture name="downConfirm2" x="1422" y="10" width="106" height="106" frameX="-0" frameY="-0" frameWidth="106" frameHeight="106"/>
	<SubTexture name="downPress" x="1578" y="10" width="106" height="106" frameX="-0" frameY="-0" frameWidth="106" frameHeight="106"/>
	<SubTexture name="endSusDown" x="10" y="10" width="36" height="64" frameX="-0" frameY="-0" frameWidth="36" frameHeight="64"/>
	<SubTexture name="endSusLeft" x="10" y="10" width="36" height="64" frameX="-0" frameY="-0" frameWidth="36" frameHeight="64"/>
	<SubTexture name="endSusRight" x="10" y="10" width="36" height="64" frameX="-0" frameY="-0" frameWidth="36" frameHeight="64"/>
	<SubTexture name="endSusUp" x="10" y="10" width="36" height="64" frameX="-0" frameY="-0" frameWidth="36" frameHeight="64"/>
	<SubTexture name="leftConfirm1" x="2828" y="10" width="108" height="108" frameX="-0" frameY="-0" frameWidth="108" frameHeight="108"/>
	<SubTexture name="leftConfirm2" x="1734" y="10" width="106" height="106" frameX="-0" frameY="-0" frameWidth="106" frameHeight="106"/>
	<SubTexture name="leftPress" x="1890" y="10" width="106" height="106" frameX="-0" frameY="-0" frameWidth="106" frameHeight="106"/>
	<SubTexture name="noteDOWN" x="182" y="10" width="104" height="104" frameX="-0" frameY="-0" frameWidth="104" frameHeight="104"/>
	<SubTexture name="noteLEFT" x="336" y="10" width="104" height="104" frameX="-0" frameY="-0" frameWidth="104" frameHeight="104"/>
	<SubTexture name="noteRIGHT" x="490" y="10" width="104" height="104" frameX="-0" frameY="-0" frameWidth="104" frameHeight="104"/>
	<SubTexture name="noteUP" x="644" y="10" width="104" height="104" frameX="-0" frameY="-0" frameWidth="104" frameHeight="104"/>
	<SubTexture name="rightConfirm1" x="2986" y="10" width="108" height="108" frameX="-0" frameY="-0" frameWidth="108" frameHeight="108"/>
	<SubTexture name="rightConfirm2" x="2046" y="10" width="106" height="106" frameX="-0" frameY="-0" frameWidth="106" frameHeight="106"/>
	<SubTexture name="rightPress" x="2202" y="10" width="106" height="106" frameX="-0" frameY="-0" frameWidth="106" frameHeight="106"/>
	<SubTexture name="susDown" x="96" y="10" width="36" height="90" frameX="-0" frameY="-0" frameWidth="36" frameHeight="90"/>
	<SubTexture name="susLeft" x="96" y="10" width="36" height="90" frameX="-0" frameY="-0" frameWidth="36" frameHeight="90"/>
	<SubTexture name="susRight" x="96" y="10" width="36" height="90" frameX="-0" frameY="-0" frameWidth="36" frameHeight="90"/>
	<SubTexture name="susUp" x="96" y="10" width="36" height="90" frameX="-0" frameY="-0" frameWidth="36" frameHeight="90"/>
	<SubTexture name="upConfirm1" x="3144" y="10" width="108" height="108" frameX="-0" frameY="-0" frameWidth="108" frameHeight="108"/>
	<SubTexture name="upConfirm2" x="2358" y="10" width="106" height="106" frameX="-0" frameY="-0" frameWidth="106" frameHeight="106"/>
	<SubTexture name="upPress" x="2514" y="10" width="106" height="106" frameX="-0" frameY="-0" frameWidth="106" frameHeight="106"/>
</TextureAtlas>